{"cameraMode":{"drawMode":0,"name":"Shaded","section":"Shading Mode"},"sceneLighting":false,"audioPlay":false,"sceneViewState":{"m_AlwaysRefresh":false,"showFog":true,"showSkybox":false,"showFlares":true,"showImageEffects":true,"showParticleSystems":true,"showVisualEffectGraphs":true,"m_FxEnabled":false},"in2DMode":false,"pivot":{"x":16.776325225830079,"y":-3.566026210784912,"z":0.09849953651428223},"rotation":{"x":-0.09494370967149735,"y":-0.7179639935493469,"z":0.09996101260185242,"w":-0.6822496056556702},"size":17.769460678100587,"orthographic":false}