{"cameraMode":{"drawMode":0,"name":"Shaded","section":"Shading Mode"},"sceneLighting":false,"audioPlay":false,"sceneViewState":{"m_AlwaysRefresh":false,"showFog":true,"showSkybox":false,"showFlares":true,"showImageEffects":true,"showParticleSystems":true,"showVisualEffectGraphs":true,"m_FxEnabled":true},"in2DMode":false,"pivot":{"x":-1.5599455833435059,"y":0.07140809297561646,"z":-5.824217319488525},"rotation":{"x":-0.40105462074279787,"y":-0.022805379703640939,"z":0.009996763430535794,"w":-0.9157012104988098},"size":7.077969551086426,"orthographic":false}