{"cameraMode":{"drawMode":0,"name":"Shaded","section":"Shading Mode"},"sceneLighting":false,"audioPlay":false,"sceneViewState":{"m_AlwaysRefresh":false,"showFog":true,"showSkybox":false,"showFlares":true,"showImageEffects":true,"showParticleSystems":true,"showVisualEffectGraphs":true,"m_FxEnabled":true},"in2DMode":false,"pivot":{"x":2.0359721183776857,"y":7.100846290588379,"z":-5.675843238830566},"rotation":{"x":-0.3384808301925659,"y":0.0033829910680651666,"z":-0.0012217883486300707,"w":-0.9409515261650086},"size":7.089217185974121,"orthographic":false}