{"cameraMode":{"drawMode":0,"name":"Shaded","section":"Shading Mode"},"sceneLighting":false,"audioPlay":false,"sceneViewState":{"m_AlwaysRefresh":false,"showFog":true,"showSkybox":false,"showFlares":true,"showImageEffects":true,"showParticleSystems":true,"showVisualEffectGraphs":true,"m_FxEnabled":true},"in2DMode":false,"pivot":{"x":0.00021529197692871094,"y":-0.4999999403953552,"z":0.00048422813415527344},"rotation":{"x":-0.3441523015499115,"y":0.18610545992851258,"z":-0.0698053240776062,"w":-0.9176412224769592},"size":7.089217185974121,"orthographic":false}